name,price,type,efficiency,wattage,modular,color
Corsair RM750e (2023),99.99,ATX,gold,750,Full,Black
Corsair RM850e (2023),129.0,ATX,gold,850,Full,Black
Corsair RM1000e (2023),179.81,ATX,gold,1000,Full,Black
Corsair CX650M (2021),64.99,ATX,bronze,650,Semi,Black
Corsair RM650 (2023),89.99,ATX,gold,650,Full,Black
Corsair RM850x (2021),124.99,ATX,gold,850,Full,Black
Thermaltake Smart,39.95,ATX,plus,500,false,
Corsair RM850,139.99,ATX,gold,850,Full,White / Black
MSI MAG A650BN,54.0,ATX,bronze,650,false,Black
Cooler Master MWE Gold 850 - V2,89.99,ATX,gold,850,Full,Black
MSI MAG A550BN,44.0,ATX,bronze,550,false,Black
Gigabyte UD750GM,89.99,ATX,gold,750,Full,Black
Corsair RM1000x (2021),174.99,ATX,gold,1000,Full,Black
MSI MAG A850GL PCIE5,89.0,ATX,gold,850,Full,Black
Asus ROG THOR 1600T Gaming,631.99,ATX,titanium,1600,Full,Silver / Black
Thermaltake Smart,44.99,ATX,plus,600,false,
Corsair HX1500i (2023),279.99,ATX,platinum,1500,Full,Black
Apevia Galaxy,54.99,ATX,gold,650,Semi,Black
Corsair RM750x (2021),119.95,ATX,gold,750,Full,Black
EVGA SuperNOVA 650 GT,97.99,ATX,gold,650,Full,Black
Silverstone HELA,773.13,ATX,,2050,Full,Black / White
MSI MAG A650GL,89.99,ATX,gold,650,Full,Black
MSI MAG A750GL PCIE5,93.0,ATX,gold,750,Full,Black
Thermaltake Toughpower GF1 (2024),104.98,ATX,gold,750,Full,Black
be quiet! Pure Power 12 M,99.9,ATX,gold,850,Full,Black
Thermaltake Toughpower GX2,60.99,ATX,gold,600,false,Black
Corsair CX750M (2021),74.98,ATX,bronze,750,Semi,Black
Corsair RM750,109.99,ATX,gold,750,Full,White / Black
Apevia Prestige,51.99,ATX,gold,600,false,Black
be quiet! Pure Power 12 M,94.9,ATX,gold,750,Full,Black
Corsair AX1200,799.0,ATX,gold,1200,Full,
SeaSonic FOCUS PLUS 850 Gold,152.57,ATX,gold,850,Full,
EVGA 500 BR,59.99,ATX,bronze,500,false,
NZXT C850 (2022),109.99,ATX,gold,850,Full,Black
Corsair AX1600i,609.94,ATX,titanium,1600,Full,
Corsair CX (2023),79.98,ATX,bronze,750,false,Black
MSI MPG A850G PCIE5,127.0,ATX,gold,850,Full,Black
be quiet! Dark Power 13,249.9,ATX,titanium,1000,Full,Black
Corsair CX (2023),59.99,ATX,bronze,550,false,Black
MSI A1000G PCIE5,159.0,ATX,gold,1000,Full,Black
Thermaltake Toughpower GF1 (2024),94.99,ATX,gold,850,Full,Black
Asus ROG Strix,169.79,ATX,gold,850,Full,White
be quiet! Pure Power 12 M,129.9,ATX,gold,1000,Full,Black
SeaSonic FOCUS GX,161.87,ATX,gold,750,Full,Black
Thermaltake Smart,54.99,ATX,plus,700,false,
NZXT C750 (2022),94.99,ATX,gold,750,Full,Black
Corsair HX1000i (2023),259.99,ATX,platinum,1000,Full,Black
Corsair RMe (2023),169.99,ATX,gold,1200,Full,Black
EVGA SuperNOVA 850 GT,129.99,ATX,gold,850,Full,Black
Corsair CX (2023),59.99,ATX,bronze,650,false,Black
be quiet! Straight Power 12,169.9,ATX,platinum,1000,Full,Black
Cooler Master MWE GOLD 750 V2 FULL MODULAR,148.29,ATX,gold,750,Full,Black
be quiet! Dark Power Pro 13,399.99,ATX,titanium,1600,Full,Black
EVGA SuperNOVA 1600 T2,769.0,ATX,titanium,1600,Full,
EVGA SuperNOVA 1000 GT,149.99,ATX,gold,1000,Full,Black
be quiet! Straight Power 12,179.9,ATX,platinum,1200,Full,Black
Gigabyte UD1000GM,119.99,ATX,gold,1000,Full,Black
EVGA SuperNOVA 750 GT,109.99,ATX,gold,750,Full,Black
Asus ROG THOR P2 Gaming,309.99,ATX,platinum,1200,Full,Silver / Black
Gigabyte UD850GM,104.99,ATX,gold,850,Full,Black
SeaSonic PRIME TX-1000,298.87,ATX,titanium,1000,Full,Black
Thermaltake Toughpower GF A3 Snow,119.99,ATX,gold,850,Full,White
EVGA 500 W1,49.99,ATX,plus,500,false,
MSI MPG A650GF,101.99,ATX,gold,650,Full,Black
Thermaltake Toughpower,79.98,ATX,gold,750,Semi,
Asus ROG STRIX 1000G,189.48,ATX,gold,1000,Full,Black
SeaSonic FOCUS Plus 750 Gold,124.28,ATX,gold,750,Full,
NZXT C1000 (2022),134.0,ATX,gold,1000,Full,Black
MSI MPG A750GF,89.0,ATX,gold,750,Full,Black
Thermaltake Smart BM3,79.98,ATX,bronze,750,Semi,Black
EVGA 600 BR,69.99,ATX,bronze,600,false,
Asus TUF Gaming 1000G,157.88,ATX,gold,1000,Full,Black
NZXT C1200,194.99,ATX,gold,1200,Full,Black
Corsair HX1200 Platinum,429.0,ATX,platinum,1200,Full,
Thermaltake Smart BM3,69.98,ATX,bronze,650,Semi,Black
be quiet! System Power 10,116.34,ATX,bronze,450,false,Black
EVGA 600 W1,71.95,ATX,plus,600,false,
Apevia CAPTAIN,31.99,ATX,,550,false,Black
SeaSonic FOCUS GX,154.99,ATX,gold,850,Full,Black
be quiet! Pure Power 11,128.41,ATX,gold,400,false,Black
MSI MEG Ai1300P PCIE5,304.0,ATX,platinum,1300,Full,Black / Copper
SeaSonic FOCUS Plus 650 Gold,140.51,ATX,gold,650,Full,
Apevia Prestige,66.98,ATX,gold,800,false,Black
Deepcool PX850G,99.99,ATX,gold,850,Full,Black
Gigabyte UD-GM PG5,124.99,ATX,gold,850,Full,White
be quiet! Straight Power 12,149.9,ATX,platinum,850,Full,Black
Montech TITAN GOLD 850W,109.99,ATX,gold,850,Full,Black
Asus Prime AP-750G,98.99,ATX,gold,750,Full,White / Black
Corsair RM750 (2019),216.95,ATX,gold,750,Full,Black
Gigabyte P450B,58.66,ATX,bronze,450,false,Black
EVGA SuperNOVA 650 G+,108.0,ATX,gold,650,Full,Black
Corsair RM1200x SHIFT,189.99,ATX,gold,1200,Full / Side,Black
EVGA 700 GD,89.99,ATX,gold,700,false,Black
SeaSonic FOCUS GX-1000 ATX 3.0,199.99,ATX,gold,1000,Full,Black
EVGA 600 GD,81.79,ATX,gold,600,false,Black
be quiet! Dark Power 13,229.9,ATX,titanium,850,Full,Black
BitFenix BFG GOLD ATX3.0,79.9,ATX,gold,750,Full,Black
Apevia Galaxy,69.98,ATX,gold,850,Semi,Black
EVGA 400 N1,48.99,ATX,,400,false,
ADATA XPG CORE Reactor 850,94.99,ATX,gold,850,Full,Black
Asus ROG THOR P2 Gaming,300.99,ATX,platinum,1000,Full,Silver / Black
NZXT C (2019),89.99,ATX,gold,650,Full,Black
Corsair RM1000x,243.0,ATX,gold,1000,Full,
Deepcool PX1000G,124.99,ATX,gold,1000,Full,Black
Corsair RM850x SHIFT,159.99,ATX,gold,850,Full / Side,Black
Asus ROG THOR P2 Gaming,170.99,ATX,platinum,850,Full,Black / Silver
Logisys PS480D,16.98,ATX,,480,false,
Asus TUF Gaming 850G,129.99,ATX,gold,850,Full,Black
be quiet! System Power 10,141.71,ATX,bronze,650,false,Black
SeaSonic FOCUS GX-850 ATX 3.0,139.99,ATX,gold,850,Full,Black
Apevia Premier,59.99,ATX,gold,650,Semi,Black
Corsair RM1000x SHIFT,187.71,ATX,gold,1000,Full / Side,Black
Deepcool PM750D,82.99,ATX,gold,750,false,Black
be quiet! Dark Power Pro 13,369.9,ATX,titanium,1300,Full,Black
EVGA SuperNOVA 750 P5,99.99,ATX,platinum,750,Full,Black / Teal
Thermaltake Toughpower GF3 TT Premium,289.99,ATX,gold,1650,Full,Black
Thermaltake Toughpower GF3 Snow,234.98,ATX,gold,1200,Full,White
Thermaltake Toughpower GF A3 - TT Premium Edition,104.0,ATX,gold,850,Full,Black
CoolMax I-500,26.68,ATX,,500,false,
MSI MPG A750GF WHITE,254.01,ATX,gold,750,Full,White
EVGA 650 GQ,126.48,ATX,gold,650,Semi,
PowerSpec PS 650BF,54.99,ATX,bronze,650,false,Black
SeaSonic VERTEX GX-1200,217.78,ATX,gold,1200,Full,Black / Silver
be quiet! Pure Power 12 M,99.9,ATX,gold,650,Full,Black
Vetroo GV1000,129.99,ATX,gold,1000,Full,White
PowerSpec PS 750BSM,69.98,ATX,bronze,750,Semi,Black
SeaSonic PRIME TX,663.53,ATX,titanium,1600,Full,Black / Silver
Cooler Master MWE Gold V2 ATX3.0,129.99,ATX,gold,1250,Full,Black
SeaSonic FOCUS Plus Platinum,157.72,ATX,platinum,750,Full,
Thermaltake Toughpower GF3 TT Premium,154.99,ATX,gold,1000,Full,Black
Gigabyte P850GM,129.99,ATX,gold,850,Full,Black
GameMax GX Pro Rampage,109.99,ATX,gold,850,Full,White
Gigabyte P550B,78.98,ATX,bronze,550,false,Black
EVGA 650 B5,84.99,ATX,bronze,650,Full,Black
EVGA 700 BR,74.99,ATX,bronze,700,false,
EVGA SuperNOVA 1000G XC,149.99,ATX,gold,1000,Full,Black
Corsair RM750x (2018),169.97,ATX,gold,750,Full,Black
Super Flower Leadex III Gold,105.62,ATX,gold,750,Full,Black
Thermaltake TR2,57.31,ATX,,500,false,
Montech TITAN GOLD 1000W,137.99,ATX,gold,1000,Full,Black
Thermaltake Toughpower GF1 PE,109.99,ATX,gold,850,Full,Black
SeaSonic S12III,63.99,ATX,bronze,500,false,Black
Corsair RM750x SHIFT,89.99,ATX,gold,750,Full / Side,Black
be quiet! Pure Power 12 M,143.99,ATX,gold,550,Full,Black
Thermaltake Smart BX1,74.98,ATX,bronze,750,false,Black
Asus TUF Gaming 750G,109.99,ATX,gold,750,Full,Black
be quiet! System Power 10,157.31,ATX,bronze,750,false,Black
GameMax GX Pro Rampage,85.99,ATX,gold,850,Full,Black
Deepcool PM850D,87.98,ATX,gold,850,false,Black
Deepcool PQ1000M,135.99,ATX,gold,1000,Full,Black
Corsair RM850x (2018),182.0,ATX,gold,850,Full,Black
ADATA XPG CORE Reactor 650,84.99,ATX,gold,650,Full,Black
MSI MEG Ai1000P PCIE5,251.0,ATX,platinum,1000,Full,Black / Copper
Deepcool PX1000G WH,160.98,ATX,gold,1000,Full,White
SeaSonic FOCUS Plus Platinum,173.99,ATX,platinum,850,Full,
Thermaltake Smart BM3,89.99,ATX,bronze,850,Semi,Black
Thermaltake Toughpower GF A3 - TT Premium Edition,134.99,ATX,gold,1050,Full,Black
SeaSonic FOCUS GX,169.99,ATX,gold,1000,Full,Black
EVGA 850 BQ,99.99,ATX,bronze,850,Semi,
Corsair RM650x (2018),119.99,ATX,gold,650,Full,Black / Silver
SeaSonic G12 GC,109.69,ATX,gold,650,false,Black / Blue
SeaSonic FOCUS GX-750 ATX 3.0,109.99,ATX,gold,750,Full,Black
Thermaltake Toughpower GF A3 - TT Premium Edition,94.99,ATX,gold,750,Full,Black
be quiet! System Power 10,193.92,ATX,gold,850,false,Black
MSI MPG A1000G,299.99,ATX,gold,1000,Full,Black
EVGA GE,156.82,ATX,gold,800,false,Black
be quiet! Dark Power 13,189.9,ATX,titanium,750,Full,Black
Corsair HX1000 Platinum,375.0,ATX,platinum,1000,Full,
Asus ROG Strix,119.99,ATX,gold,750,Full,Black / Red
be quiet! System Power 10,155.34,ATX,bronze,550,false,Black
SeaSonic S12III,69.0,ATX,bronze,650,false,Black
EVGA 750 GQ,103.95,ATX,gold,750,Semi,
ADATA XPG CORE Reactor 750,89.99,ATX,gold,750,Full,Black
Gigabyte UD1000GM PG5 (rev. 2.0),119.99,ATX,gold,1000,Full,Black
SeaSonic VERTEX PX-1200,329.99,ATX,platinum,1200,Full,Black / Silver
Thermaltake Toughpower GF3 TT Premium,104.99,ATX,gold,750,Full,Black
GameMax GX Pro Rampage,159.99,ATX,platinum,1050,Full,White
GameMax RGB Rainbow,99.99,ATX,gold,850,Full,Black
EVGA SuperNOVA 1300 GT,249.99,ATX,gold,1300,Full,Black
Asus ROG-STRIX-850G,146.19,ATX,gold,850,Full,Black
SeaSonic VERTEX GX-1000,189.99,ATX,gold,1000,Full,Black / Silver
EVGA SuperNOVA 850 G5,134.99,ATX,gold,850,Full,Black / Green
SeaSonic PRIME TX-1300 ATX 3.0,516.98,ATX,titanium,1300,Full,Black / Silver
Thermaltake Toughpower GF3 TT Premium,114.99,ATX,gold,850,Full,Black
Super Flower Leadex Platinum SE,144.99,ATX,platinum,1000,Full,White
Corsair RM850x,180.94,ATX,gold,850,Full,
be quiet! Straight Power 12,139.9,ATX,platinum,750,Full,Black
SeaSonic FOCUS Plus Gold,159.99,ATX,gold,1000,Full,Black
Asus ROG Strix Aura Edition,208.67,ATX,gold,1000,Full,Black
Corsair AX1200i,657.73,ATX,platinum,1200,Full,
Thermaltake Toughpower GF A3 - TT Premium Edition,153.0,ATX,gold,1200,Full,Black
EVGA 500 GD,101.49,ATX,gold,500,false,Black
EVGA SuperNOVA 850G XC,125.34,ATX,gold,850,Full,Black
Corsair HX1000i,401.0,ATX,platinum,1000,Full,
Corsair RM850,197.88,ATX,gold,850,Full,Black
be quiet! Straight Power 12,249.9,ATX,platinum,1500,Full,Black
Thermaltake Smart BX1 650,59.99,ATX,bronze,650,false,Black
SeaSonic PRIME Ultra Titanium,309.99,ATX,titanium,1000,Full,
SeaSonic FOCUS GX,148.09,ATX,gold,650,Full,Black
SeaSonic FOCUS PX,173.99,ATX,platinum,850,Full,Black
Asus Prime AP-850G,129.99,ATX,gold,850,Full,White / Black
EVGA SuperNOVA 1600 G2,479.0,ATX,gold,1600,Full,
Asus ROG Strix Aura Edition,239.99,ATX,gold,1200,Full,Black
be quiet! Pure Power 12 M,149.9,ATX,gold,1200,Full,Black
EVGA 650 BQ,84.99,ATX,bronze,650,Semi,
FSP Group Hydro GE,89.99,ATX,gold,550,Full,
EVGA SuperNOVA 1000 G5,159.99,ATX,gold,1000,Full,Black / Green
EVGA 600 BQ,149.99,ATX,bronze,600,Semi,
Corsair RM650 (2019),210.09,ATX,gold,650,Full,Black
Silverstone HELA 1200R,234.84,ATX,platinum,1200,Full,Black
Corsair HX1500i (2022),367.0,ATX,platinum,1500,Full,Black
EVGA SuperNOVA 1000 G+,341.99,ATX,gold,1000,Full,Black
PowerSpec PS 650GSM,74.98,ATX,gold,650,Semi,Black
EVGA SuperNOVA 750 G3,250.0,ATX,gold,750,Full,
EVGA 850 B5,110.09,ATX,bronze,850,Full,Black
Corsair HX850 Platinum,359.99,ATX,platinum,850,Full,
SeaSonic VERTEX PX-1000,279.99,ATX,platinum,1000,Full,Black / Silver
Thermaltake TR2,49.99,ATX,bronze,450,false,
be quiet! Straight Power 11 750W,161.43,ATX,gold,750,Full,
Corsair CX650M,199.99,ATX,bronze,650,Semi,
Fractal Design Ion Gold,121.93,ATX,gold,550,Full,Black
Corsair RM750,195.99,ATX,gold,750,Full,Black
Apevia Signature,68.98,ATX,bronze,1050,Semi,Black
EVGA 750 B5,99.99,ATX,bronze,750,Full,Black
Azza PSAZ-650W,59.99,ATX,bronze,650,false,Black
EVGA 550 BP,64.98,ATX,bronze,550,false,Black
Aerocool LUX RGB 750M (230V EU),173.22,ATX,bronze,750,Semi,Black
Asus ROG THOR 850P,349.99,ATX,platinum,850,Full,Black / Red
Super Flower Leadex Platinum SE,159.99,ATX,platinum,1200,Full,Black
EVGA 750 N1,77.26,ATX,,750,false,
Super Flower Leadex III Gold,119.99,ATX,gold,850,Full,Black
Corsair AX1500i,749.0,ATX,titanium,1500,Full,
SeaSonic PRIME TX-1600 ATX 3.0,596.83,ATX,titanium,1600,Full,Black / Silver
SeaSonic PRIME TX,439.99,ATX,titanium,1300,Full,Black / Silver
EVGA 850 GQ,186.17,ATX,gold,850,Semi,
be quiet! Pure Power 9 CM,153.84,ATX,bronze,600,Semi,Black
Apevia Galaxy,79.98,ATX,gold,1000,Semi,Black
Corsair CX650 (2017),148.97,ATX,bronze,650,false,
G.Skill MB750G,84.99,ATX,gold,750,Full,Black
SeaSonic FOCUS,155.41,ATX,gold,850,Semi,Black
Corsair CX450M (2015),136.77,ATX,bronze,450,Semi,
EVGA 650 N1,66.8,ATX,,650,false,
Cooler Master Elite 400 V3,63.49,ATX,plus,400,false,Black
Thermaltake Toughpower GF A3 - TT Premium Edition,90.99,ATX,gold,650,Full,Black
Thermaltake Toughpower GX3,89.99,ATX,gold,850,false,Black
CoolMax ZX-500,39.99,ATX,plus,500,false,
Asus ROG THOR P2 Gaming EVA Edition,596.0,ATX,platinum,1000,Full,Black / Silver
be quiet! System Power 9 CM,157.81,ATX,bronze,400,Semi,Black
Corsair CX550M,192.0,ATX,bronze,550,Semi,
SeaSonic PRIME PX-1600 ATX 3.0,469.99,ATX,platinum,1600,Full,Black / Silver
Corsair CX750 (2017),94.99,ATX,bronze,750,false,
be quiet! Pure Power 11 600,127.29,ATX,gold,600,false,Black
Silverstone Essential,65.64,ATX,gold,550,false,Black / Yellow
Super Flower Leadex Platinum SE,139.99,ATX,platinum,1000,Full,Black
SeaSonic FOCUS Gold,79.98,ATX,gold,550,Semi,
Corsair HX1200i,599.0,ATX,platinum,1200,Full,
Corsair CX600,237.48,ATX,bronze,600,false,
EVGA SuperNOVA 650 G3,172.49,ATX,gold,650,Full,
Fractal Design Ion Gold,238.55,ATX,gold,850,Full,Black
Corsair TX550M Gold,237.47,ATX,gold,550,Semi,
NZXT C650,89.53,ATX,bronze,650,Semi,Black
EVGA SuperNOVA 650 G5,109.99,ATX,gold,650,Full,Black / Green
Thermaltake Thermaltake TP-750M,79.98,ATX,gold,750,Semi,
Corsair CX500M,180.76,ATX,bronze,500,Semi,
be quiet! Pure Power 11,84.32,ATX,gold,500,false,Black
Corsair RM750x White (2018),220.0,ATX,gold,750,Full,White / Black
Corsair HX750 Platinum,298.91,ATX,platinum,750,Full,
ADATA XPG FUSION 1600,699.99,ATX,titanium,1600,Full,Black / Silver
Silverstone ET500-ARGB,88.64,ATX,bronze,500,false,Black
Corsair RM550x (2018),216.0,ATX,gold,550,Full,Black / Silver
Corsair CXM,162.46,ATX,bronze,750,Semi,
Corsair RM850x White,336.24,ATX,gold,850,Full,White / Black
EVGA SuperNOVA 1300 G+,269.98,ATX,gold,1300,Full,Black
Asus TUF Gaming B,69.15,ATX,bronze,550,false,Black
Super Flower Leadex Titanium,204.98,ATX,titanium,1000,Full,Black
Corsair VS500 (2020),111.02,ATX,bronze,500,false,Black
Thermaltake Toughpower GX1,85.8,ATX,gold,600,false,Black
Thermaltake Toughpower GF3 TT Premium,197.96,ATX,gold,1350,Full,Black
EVGA SuperNOVA 750 G5,149.16,ATX,gold,750,Full,Black / Green
EVGA GE,79.98,ATX,gold,600,false,Black
Deepcool PX850G WH,129.99,ATX,gold,850,Full,White
Logisys PS480D2,16.98,ATX,,480,false,
Corsair HX850i,396.0,ATX,platinum,850,Full,
GameMax RGB Rainbow,89.99,ATX,gold,750,Full,Black
Azza PSAZ-550W,54.99,ATX,bronze,550,false,Black
be quiet! Straight Power 11 850W,267.12,ATX,gold,850,Full,
Montech TITAN GOLD 1200W,164.99,ATX,gold,1200,Full,Black
EVGA SuperNOVA 850 G6,209.31,ATX,gold,850,Full,Black
Corsair CX650F,199.97,ATX,bronze,650,Full,Black
Corsair RM750x,170.0,ATX,gold,750,Full,
Super Flower LEADEX VII XG,188.98,ATX,gold,1000,Full,Black
EVGA SuperNOVA 1000 P3,214.99,ATX,platinum,1000,Full,Black / Silver
Super Flower LEADEX VII XG,189.99,ATX,gold,1300,Full,Black
Montech CENTURY G5,89.0,ATX,gold,750,Full,Black
Super Flower LEADEX VII XG,144.99,ATX,gold,850,Full,Black
Thermaltake Toughpower GF3 TT Premium,199.99,ATX,gold,1200,Full,Black
Silverstone DA750 Gold,133.37,ATX,gold,750,Full,Black / White
Thermaltake Smart RGB 230V,141.0,ATX,plus,500,false,Black
Corsair HX1200i,319.99,ATX,platinum,1200,Full,Black
Cooler Master MasterWatt,117.39,ATX,bronze,650,Semi,
Corsair RM750,220.03,ATX,gold,750,Full,
Deepcool DQ750-M-V2L,161.77,ATX,gold,750,Full,Black / Green
Cooler Master XG850 Plus,154.75,ATX,platinum,850,Full,Black
EVGA 1000 GQ,139.99,ATX,gold,1000,Semi,
FSP Group Hydro G Pro,179.51,ATX,gold,1000,Full,Black
Raidmax RX-530SS,49.99,ATX,,530,Semi,
be quiet! System Power 9 700 CM,177.05,ATX,bronze,700,Semi,Black
Super Flower Leadex Titanium,319.99,ATX,titanium,1600,Full,Black
Corsair CX750M V2 (2017 Edition),209.0,ATX,bronze,750,Semi,Black / White
Corsair CX450 (2017),113.98,ATX,bronze,450,false,
Deepcool PX1200G,178.3,ATX,gold,1200,Full,Black
SeaSonic G12 GM,155.41,ATX,gold,850,Semi,Black / Blue
Cooler Master MasterWatt 550,88.83,ATX,bronze,550,Semi,
Corsair RM850 (2019),189.53,ATX,gold,850,Full,Black
Super Flower Leadex III Gold,125.99,ATX,gold,550,Full,Black
Antec CSK,100.58,ATX,bronze,750,Semi,Black / Yellow
Xilence XP500R6,89.41,ATX,,500,false,Black / Red
SeaSonic PRIME PX-1300,408.47,ATX,platinum,1300,Full,Black
Super Flower Leadex III ARGB,134.99,ATX,gold,750,Full,White
Corsair RM650,204.99,ATX,gold,650,Full,Black
Corsair CX750F,220.03,ATX,bronze,750,Full,White / Black
Apevia Prestige,74.98,ATX,gold,1000,false,Black
ADATA XPG Core Reactor II,99.99,ATX,gold,850,Full,Black
KOLINK Regulator,109.99,ATX,gold,750,Full,Black
EVGA 750 BQ,138.72,ATX,bronze,750,Semi,
EVGA SuperNOVA 1000 G7,239.99,ATX,gold,1000,Full,Black / Blue
EVGA SuperNOVA 1600 P+,479.99,ATX,platinum,1600,Full,Black
EVGA SuperNOVA 1600 G+,269.99,ATX,gold,1600,Full,Black
Thermaltake Toughpower GF1 PE,122.45,ATX,gold,750,Full,Black
Corsair RM850x (2018),342.93,ATX,gold,850,Full,White / Black
EVGA 700 BQ,75.56,ATX,bronze,700,Semi,Black
EVGA 650BP,74.99,ATX,bronze,650,false,Black
EVGA 750 BP,79.99,ATX,bronze,750,false,Black
Asus ROG Strix Aura Edition,178.5,ATX,gold,850,Full,Black
Corsair Vengeance 750M,94.99,ATX,silver,750,Semi,
Super Flower Leadex Titanium,174.99,ATX,titanium,850,Full,Black
Corsair RM1000e (2022),229.94,ATX,gold,1000,Full,Black
be quiet! System Power 9,114.18,ATX,bronze,600,false,Black
SeaSonic PRIME TX-750,310.29,ATX,titanium,750,Full,Black
SeaSonic VERTEX GX-850,159.99,ATX,gold,850,Full,Black / Silver
Thermaltake Toughpower PF3-L,194.99,ATX,platinum,1200,Full,Black
EVGA SuperNOVA 650 GA,129.71,ATX,gold,650,Full,Black
Cooler Master MWE Gold V2 ATX3.0,148.99,ATX,gold,1050,Full,Black
EVGA SuperNOVA 750 G6,134.4,ATX,gold,750,Full,Black
EVGA SuperNOVA 750 GA,189.99,ATX,gold,750,Full,Black
FSP Group Hydro GE,89.99,ATX,gold,650,Full,
Fractal Design Ion Gold,202.17,ATX,gold,750,Full,Black
Cooler Master MWE Bronze,88.99,ATX,bronze,500,false,Black
Corsair CX750F,220.0,ATX,bronze,750,Full,Black
SeaSonic G12 GC,97.49,ATX,gold,550,false,Black / Blue
SeaSonic PRIME TX-850,357.69,ATX,titanium,850,Full,Black
GameMax RGB,159.99,ATX,platinum,1300,Full,Black
Raidmax RX-730SS,57.99,ATX,,730,Semi,
Corsair HX1000i (2022),275.0,ATX,platinum,1000,Full,Black
Asus TUF Gaming 1200G,202.88,ATX,gold,1200,Full,Black
EVGA SuperNOVA 1200 P3,279.99,ATX,platinum,1200,Full,Black / Silver
Thermaltake TR2 S,99.26,ATX,plus,600,false,Black
SeaSonic G12 GM,139.94,ATX,gold,650,Semi,Black / Blue
Corsair TX650M Gold,246.97,ATX,gold,650,Semi,
Gigabyte UD850GM PG5 (rev. 2.0),164.9,ATX,gold,850,Full,Black
Deepcool PM650D,79.99,ATX,gold,650,false,Black
Gigabyte UD1300GM PG5,189.31,ATX,gold,1300,Full,Black
Super Flower Leadex Platinum,114.99,ATX,platinum,850,Full,Black
EVGA 550 B5,94.98,ATX,bronze,550,Full,Black
SeaSonic Prime Fanless PX-500,282.77,ATX,platinum,500,Full,Black
Antec Signature,246.63,ATX,titanium,1000,Full,Black / Silver
Antec NeoECO Gold,152.16,ATX,gold,850,Full,
Thermaltake Toughpower GF1 PE,114.98,ATX,gold,650,Full,
be quiet! Straight Power 11 550W,109.9,ATX,gold,550,Full,
EVGA SuperNOVA 650 P5,119.99,ATX,platinum,650,Full,Black / Teal
Super Flower Leadex III Gold,125.99,ATX,gold,650,Full,Black
Super Flower Leadex V Pro,177.98,ATX,platinum,1000,Full,White
Corsair RM850e (2022),176.9,ATX,gold,850,Full,Black
Thermaltake Toughpower TF1 - TT Premium,499.99,ATX,titanium,1550,Full,Black
Antec NE1000G M ATX3.0,144.99,ATX,gold,1000,Full,Black
SeaSonic G12 GM,136.52,ATX,gold,550,Semi,Black / Blue
EVGA SuperNOVA 1000 G3,386.02,ATX,gold,1000,Full,
SeaSonic PRIME 1300 Gold,288.99,ATX,gold,1300,Full,Black
Silverstone HELA 850R,223.99,ATX,platinum,850,Full,Black / Silver
SeaSonic FOCUS,169.98,ATX,platinum,750,Full,Black
EVGA SuperNOVA 1200 P2,499.99,ATX,platinum,1200,Full,
Corsair RM750e (2022),153.0,ATX,gold,750,Full,Black
NZXT E850,119.99,ATX,gold,850,Full,Black
Cougar VTE,77.34,ATX,bronze,600,false,Black
Azza PSAZ-750W,69.99,ATX,bronze,750,false,Black
Cooler Master V850 Gold V2,214.19,ATX,gold,850,Full,Black
EVGA SuperNOVA 1000 P5,209.99,ATX,platinum,1000,Full,Blue / Black
be quiet! Straight Power 11 1000W,318.2,ATX,gold,1000,Full,
Corsair RM1000x SHIFT,219.99,ATX,gold,1000,Full / Side,White
Corsair CX500,299.97,ATX,bronze,500,false,
SeaSonic PRIME Fanless,298.99,ATX,titanium,700,Full,Black
EVGA SuperNOVA 1300 P+,259.99,ATX,platinum,1300,Full,Black
Thermaltake Litepower,65.26,ATX,,650,false,
SeaSonic VERTEX PX-850,219.99,ATX,platinum,850,Full,Black / Silver
Corsair AX850,499.98,ATX,titanium,850,Full,Black / Silver
Thermaltake TR2 S,112.43,ATX,plus,700,false,Black
Cooler Master XG750 Plus,128.97,ATX,platinum,750,Full,Black
Corsair RM1200x SHIFT,229.99,ATX,gold,1200,Full / Side,White
Corsair CX650F,196.03,ATX,bronze,650,Full,White / Black
ADATA XPG Core Reactor II,129.99,ATX,gold,1000,Full,Black
Cooler Master GX III GOLD,148.52,ATX,gold,750,Full,Black / Purple
EVGA 600 B1,149.99,ATX,bronze,600,false,
Corsair TX850M Gold,323.98,ATX,gold,850,Semi,
KOLINK Regulator,129.99,ATX,gold,850,Full,Black
Thermaltake Toughpower GF A3 - TT Premium Edition,197.49,ATX,gold,1200,Full,Black
EVGA SuperNOVA 650 G1,223.49,ATX,gold,650,Full,
EVGA SuperNOVA 550 GA,170.99,ATX,gold,550,Full,Black
MSI MAG A750BN PCIE5,79.0,ATX,bronze,750,false,Black
SeaSonic PRIME Ultra Titanium,312.0,ATX,titanium,850,Full,
Silverstone Strider Platinum S,212.99,ATX,platinum,1000,Full,Black
Super Flower Leadex III ARGB,159.99,ATX,gold,650,Full,White
"FSP Group Hydro PTM X PRO,Gen5",162.99,ATX,platinum,1000,Full,Black
Antec NE1000G M White ATX 3.0,186.48,ATX,gold,1000,Full,White
EVGA N1,54.99,ATX,,550,false,
GAMDIAS KRATOS P1 G,84.99,ATX,gold,750,false,Black
Corsair CX550F,159.99,ATX,bronze,550,Full,Black
EVGA SuperNOVA 750 P2,249.99,ATX,platinum,750,Full,
Gigabyte AORUS P GM,146.79,ATX,gold,750,Full,Black / Silver
EVGA SuperNOVA 850 P2,322.67,ATX,platinum,850,Full,
Thermaltake Toughpower Grand RGB,176.54,ATX,gold,850,Full,
Antec NeoECO Gold,143.63,ATX,gold,750,Full,
Silverstone DA750R-GMA,221.97,ATX,gold,750,Full,White
CoolMax V-400,35.71,ATX,,400,false,
EVGA GE,93.53,ATX,gold,700,false,Black
Silverstone Strider Titanium,359.99,ATX,titanium,1300,Full,Black / Blue
MSI MPG A750G PCIE5,139.99,ATX,gold,750,Full,Black
EVGA SuperNOVA 750 G7,119.99,ATX,gold,750,Full,Black / Blue
SeaSonic PRIME PX,459.0,ATX,platinum,1000,Full,Black / Silver
EVGA SuperNOVA 1600 P2,399.99,ATX,platinum,1600,Full,
Vetroo GV1000,129.99,ATX,gold,1000,Full,Black
Cooler Master MasterWatt,98.99,ATX,bronze,750,Semi,Black
Thermaltake Toughpower Grand RGB,144.98,ATX,gold,750,Full,
Razer Katana Chroma,389.99,ATX,platinum,1200,Full,Black
Razer Katana Chroma,209.99,ATX,platinum,850,Full,Black
Corsair RM650,221.09,ATX,gold,650,Full,
Antec CSK,76.17,ATX,bronze,650,false,Black / Yellow
Silverstone Strider,103.69,ATX,gold,550,Full,
SHARKOON SilentStorm Cool Zero 650,116.96,ATX,gold,650,Full,Black
EVGA SuperNOVA 650 P6,139.99,ATX,platinum,650,Full,Black / Silver
Xilence XP600R6,78.69,ATX,,600,false,Black / Red
be quiet! Straight Power 11,161.43,ATX,platinum,750,Full,Black
Asus ROG Strix Aura Edition,164.99,ATX,gold,750,Full,Black
Corsair RM1000,400.75,ATX,gold,1000,Full,
Silverstone Strider Platinum,138.65,ATX,platinum,550,Full,
MSI MAG A1000GL PCIE5,174.0,ATX,gold,1000,Full,Black
Corsair RM550x,229.97,ATX,gold,550,Full,
Gigabyte UD-GM PG5,195.45,ATX,gold,750,Full,Black
GAMDIAS KRATOS M1 B,79.98,ATX,bronze,750,false,Black
Corsair CS750M,216.99,ATX,gold,750,Semi,
SHARKOON SilentStorm Cool Zero 750,171.59,ATX,gold,750,Full,Black
EVGA SuperNOVA 650 G6,116.92,ATX,gold,650,Full,Black
Cooler Master MWE Bronze V2,133.94,ATX,bronze,700,false,Black
EVGA SuperNOVA 650 P2,215.73,ATX,platinum,650,Full,
"FSP Group Hydro PTM X PRO,Gen5",169.97,ATX,platinum,850,Full,Black
Enermax Revolution D.F. X,109.99,ATX,gold,850,Full,Black
EVGA SuperNOVA 650 G7,99.99,ATX,gold,650,Full,Black / Blue
Xilence XP400R6,78.34,ATX,,400,false,Black / Red
Enermax MAXREVO SLI,149.94,ATX,gold,1350,Full,Black / Gold
Cooler Master V850 Gold i,162.43,ATX,gold,850,Full,Black / Gold
SeaSonic PRIME PX,184.99,ATX,platinum,750,Full,Black / Silver
Antec VP PLUS,128.97,ATX,plus,700,false,Black
be quiet! Dark Power 12,289.14,ATX,titanium,750,Full,Black
ADATA XPG Core Reactor II,94.99,ATX,gold,750,Full,Black
Corsair TX650,244.99,ATX,plus,650,false,
Cooler Master V650,138.65,ATX,gold,650,Full,
Thermaltake Toughpower GF1 Snow - TT Premium,170.0,ATX,gold,750,Full,White
Corsair RM750x White,379.98,ATX,gold,750,Full,White / Black
Super Flower Leadex III ARGB,144.99,ATX,gold,850,Full,White
ADATA XPG Core Reactor II,87.99,ATX,gold,650,Full,Black
Deepcool PX1300P,289.99,ATX,platinum,1300,Full,Black / Silver
EVGA SuperNOVA G FTW,154.99,ATX,gold,1000,Full,Black
NZXT C (2019),109.98,ATX,gold,750,Full,Black
Silverstone Essential,61.74,ATX,bronze,550,false,Black
Corsair RM650x,203.4,ATX,gold,650,Full,
Cougar GEX,111.99,ATX,gold,850,Full,Black
SeaSonic PRIME,195.98,ATX,gold,850,Full,Black
Corsair AX850,319.99,ATX,gold,850,Full,
Thermaltake Toughpower Grand RGB,124.98,ATX,gold,650,Full,
Antec NE850G M ATX3.0,139.99,ATX,gold,850,Full,Black
NOX Hummer,83.87,ATX,bronze,650,Semi,
SeaSonic FOCUS,79.99,ATX,gold,550,Semi,Black
Thermaltake Toughpower GX1,84.47,ATX,gold,600,Semi,Black
Silverstone Strider Platinum S,269.83,ATX,platinum,1200,Full,Black
Silverstone Essential,92.99,ATX,gold,750,Semi,Black / Blue
NZXT C (2019),149.98,ATX,gold,850,Full,Black
Thermaltake Smart Pro RGB,124.23,ATX,bronze,750,Full,
Thermaltake Toughpower PF3-L,179.99,ATX,platinum,1050,Full,Black
Cougar POLAR,161.49,ATX,platinum,1050,Full,White
Corsair TX850,499.97,ATX,plus,850,false,
Antec NE1300G M ATX3.0,184.99,ATX,gold,1300,Full,Black
Fractal Design Ion+ 2 Platinum,194.49,ATX,platinum,560,Full,Black
Thermaltake TOUGHPOWER PF1 ARGB,396.96,ATX,platinum,1050,Full,
SeaSonic S12III,129.0,ATX,bronze,550,false,Black
SeaSonic S12II,247.77,ATX,bronze,520,false,
Enermax Revolution D.F.,109.99,ATX,gold,750,Full,Black / Silver
SeaSonic G,139.01,ATX,gold,450,Semi,
Gigabyte UD1000GM PG5,178.79,ATX,gold,1000,Full,Black
Thermaltake Smart Pro RGB,119.83,ATX,bronze,850,Full,
Corsair RM850x SHIFT,169.99,ATX,gold,850,Full / Side,White
FSP Group FSP300-60LG,148.02,Mini ITX,bronze,300,false,
SeaSonic VERTEX GX-750,131.82,ATX,gold,750,Full,Black / Silver
SeaSonic PRIME,263.79,ATX,gold,1000,Full,Black
Silverstone DA850R-GMA,258.29,ATX,gold,850,Full,White
"FSP Group Hydro PTM X PRO,Gen5",251.03,ATX,platinum,1200,Full,Black
ADATA XPG CYBERCORE,209.99,ATX,platinum,1300,Full,Black / Silver
Antec Signature Platinum,284.99,ATX,platinum,1300,Full,Black
Deepcool DQ-M-V2L,158.38,ATX,gold,850,Full,Black / Green
Corsair HX750,273.99,ATX,gold,750,Semi,
Corsair RM750x SHIFT,129.99,ATX,gold,750,Full / Side,White
SeaSonic PRIME PX,307.19,ATX,platinum,850,Full,Black / Silver
Super Flower Leadex V Platinum Pro,189.99,ATX,platinum,850,Full,White
Silverstone Strider Titanium,338.99,ATX,titanium,1100,Full,Black / Blue
ADATA XPG CYBERCORE,189.99,ATX,platinum,1000,Full,Black / Silver
Cooler Master MWE,90.81,ATX,bronze,600,false,Black
Azza ARGB,64.98,ATX,bronze,650,false,Black
FSP Group Hydro PTM PRO,149.99,ATX,platinum,750,Full,Black
be quiet! Pure Power 11 FM 850,299.89,ATX,gold,850,Full,Black
Chieftec ATMOS,162.88,ATX,gold,750,Full,Black
Thermaltake Smart SE,110.0,ATX,,530,Semi,Black
NOX Hummer GD,108.22,ATX,gold,750,false,
Deepcool PQ650M,128.98,ATX,gold,650,Full,Black
Logisys PS550E12BK,39.99,ATX,,550,false,
Antec EARTHWATTS GOLD PRO 750,149.99,ATX,gold,750,Semi,Black
Cooler Master XG650 Plus,96.91,ATX,platinum,650,Full,Black
Sparkle FSP300-60ATV,59.99,ATX,,300,false,
Super Flower Leadex Platinum,279.99,ATX,platinum,1600,Full,Black
Silverstone DA850R-GMA,243.34,ATX,gold,850,Full,Black
be quiet! Straight Power 11 450W,235.0,ATX,gold,450,Full,
SeaSonic VERTEX PX-750,199.99,ATX,platinum,750,Full,Black / Silver
SHARKOON SilentStorm Cool Zero 850,259.42,ATX,gold,850,Full,Black
Cooler Master MWE Bronze 550,143.91,ATX,bronze,550,false,Black
Thermaltake Smart SE,118.32,ATX,,630,Semi,
Fractal Design Ion Gold,163.08,ATX,gold,650,Full,Black
Corsair RM550,224.99,ATX,gold,550,Full,
"FSP Group Hydro PTM PRO,Gen5",265.99,ATX,platinum,1200,Full,Black
Silverstone Strider Platinum,164.99,ATX,platinum,850,Full,
SeaSonic FOCUS Gold,139.34,ATX,gold,650,Semi,
Thermaltake Smart BX1 RGB 750,104.94,ATX,bronze,750,false,Black
Super Flower LEADEX VII XG,184.99,ATX,gold,1000,Full,White
SeaSonic PRIME Titanium,599.0,ATX,titanium,1000,Full,
Corsair CS450M,237.47,ATX,gold,450,Semi,
EVGA 700 B1,217.49,ATX,bronze,700,false,
Cougar GEX,124.34,ATX,gold,650,Full,Black
Antec High Current Gamer,155.31,ATX,bronze,620,Semi,
Super Flower LEADEX VII Platinum PRO,269.99,ATX,platinum,1200,Full,Black
SeaSonic PRIME Ultra Platinum 750,179.99,ATX,platinum,750,Full,Black
Silverstone Strider Platinum,132.99,ATX,platinum,650,Full,
Cougar GEX,209.4,ATX,gold,1050,Full,Black
Super Flower Leadex VI Platinum PRO,156.98,ATX,platinum,1000,Full,Black / Blue
CoolMax V-500,32.77,ATX,,500,false,
Super Flower LEADEX VII Platinum PRO,229.99,ATX,platinum,1000,Full,Black
SeaSonic PRIME,230.99,ATX,gold,750,Full,Black
Corsair HX1000,479.99,ATX,plus,1000,Semi,
Fractal Design Anode Bronze,135.36,ATX,bronze,750,Semi,Black
Corsair TX850M,499.98,ATX,bronze,850,Semi,
Enermax Revolution D.F. X,129.99,ATX,gold,1050,Full,Black
Thermaltake Toughpower GF1 ARGB,119.83,ATX,gold,650,Full,
Deepcool PX1000P,229.99,ATX,platinum,1000,Full,Black / Silver
Cooler Master V1200,306.89,ATX,platinum,1200,Full,
Corsair HX750,499.97,ATX,gold,750,Semi,
Enermax Revolution D.F. X,144.99,ATX,gold,1200,Full,Black
SeaSonic FOCUS Plus Platinum,164.39,ATX,platinum,650,Full,
Silverstone DA750R-GMA,213.06,ATX,gold,750,Full,Black
KOLINK Regulator,169.99,ATX,gold,1200,Full,Black
Thermaltake Toughpower PF3-L,172.82,ATX,platinum,850,Full,Black
Thermaltake Toughpower GF2 ARGB,142.99,ATX,gold,750,Full,Black
Chieftec ATMOS,171.09,ATX,gold,850,Full,Black
BitFenix BFG GOLD ATX3.0,99.9,ATX,gold,850,Full,Black
FSP Group Hydro PTM PRO,179.99,ATX,platinum,1000,Full,Black
Thermaltake Toughpower PF1 - TT Premium Edition,157.48,ATX,platinum,650,Full,
Corsair GS700,299.98,ATX,bronze,700,false,
KOLINK Regulator,149.99,ATX,gold,1000,Full,Black
Silverstone Essential,98.99,ATX,gold,750,false,Black / Yellow
Silverstone Strider Platinum,132.99,ATX,platinum,750,Full,
Silverstone ST75F-GS-V3,112.2,ATX,gold,750,Full,Black
Cooler Master V1300 Platinum,399.9,ATX,platinum,1300,Full,Black
Silverstone Strider,286.99,ATX,silver,1500,false,
Phanteks Revolt Pro,380.0,ATX,gold,850,Full,Silver / Black
Silverstone Essential,119.99,ATX,gold,650,false,Black
Corsair TX650M,299.98,ATX,bronze,650,Semi,
Silverstone Strider,99.99,ATX,bronze,700,Full,
Corsair TX550M,216.57,ATX,bronze,550,Semi,
Corsair VS500,269.0,ATX,plus,500,false,
Corsair TX850 V2,599.98,ATX,bronze,850,false,
Thermaltake Smart BX1 RGB 550,68.79,ATX,bronze,550,false,Black
Thermaltake Smart BX1 RGB 650,93.36,ATX,bronze,650,false,Black
Xilence XP750MR9,131.88,ATX,gold,750,Semi,Black / Red
ADATA XPG Core Reactor II,159.99,ATX,gold,1200,Full,Black
Silverstone Essential,88.98,ATX,gold,550,Semi,Black
Thermaltake Toughpower GF1 - TT Premium,210.06,ATX,gold,1200,Full,Black
Gigabyte UD-GM PG5,164.9,ATX,gold,850,Full,Black
Xilence XP550R9,134.0,ATX,gold,550,false,Black / Red
Thermaltake Toughpower GF1 ARGB,142.51,ATX,gold,750,Full,
Thermaltake Toughpower GF2 ARGB,126.35,ATX,gold,650,Full,Black
Enermax Platimax D.F.,149.99,ATX,platinum,1050,Full,Black
Cougar COUGAR-GX1050,129.99,ATX,gold,1050,Semi,
Corsair VX550,246.28,ATX,plus,550,false,
Xilence XP1050MR9,209.69,ATX,gold,1050,Full,Black / Red
FSP Group Hydro PTM PRO,179.99,ATX,platinum,850,Full,Black
Corsair VS400,369.0,ATX,plus,400,false,
SeaSonic PRIME Ultra Gold 1000,379.99,ATX,gold,1000,Full,Black
Solid Gear SDGR-750E,63.81,ATX,,750,false,
Super Flower Leadex V Pro,249.99,ATX,gold,1000,Full,White
Antec Signature Platinum,206.53,ATX,platinum,1000,Full,Black
RAIJINTEK CRATOS,94.9,ATX,gold,850,Full,Black
Antec Earthwatts Green,108.11,ATX,plus,500,false,
Corsair G700,323.97,ATX,plus,700,false,
Thermaltake TOUGHPOWER PF1 ARGB,251.99,ATX,platinum,850,Full,
SeaSonic PRIME Ultra Gold 750,169.99,ATX,gold,750,Full,Black
Corsair TX750 V2,335.0,ATX,bronze,750,false,
Corsair AX650,250.0,ATX,gold,650,Full,
Thermaltake Toughpower GX1 500,74.45,ATX,gold,500,false,Black
Thermaltake Toughpower iRGB PLUS 750,189.19,ATX,gold,750,Full,Black
Corsair G800,319.89,ATX,plus,800,false,
EVGA SuperNOVA G FTW,154.99,ATX,gold,850,Full,Black
In Win P75,129.94,ATX,gold,750,Full,Black
EVGA SuperNOVA 750 PQ,218.49,ATX,platinum,750,Semi,Black
SeaSonic PRIME Ultra Gold 850,195.98,ATX,gold,850,Full,Black
SeaSonic SS-300ES Bronze,104.44,ATX,bronze,300,false,
Super Flower Leadex V Platinum Pro,209.99,ATX,platinum,1000,Full,White
Silverstone ST85F-GS-V2,128.33,ATX,gold,850,Full,
Rosewill VALENS-600,140.0,ATX,gold,600,false,
Super Flower Leadex V Pro,189.99,ATX,gold,1000,Full,Black / Gold
PC Power & Cooling Silencer,210.62,ATX,platinum,1050,Full,
In Win PB,150.0,ATX,gold,750,Full,
In Win P65,124.0,ATX,gold,650,Full,Black
In Win P130II,245.2,ATX,platinum,1300,Full,Black
Thermaltake Smart,196.8,ATX,bronze,750,Semi,
Super Flower LEADEX VII Platinum PRO,199.99,ATX,platinum,850,Full,Black
In Win P105II,185.07,ATX,platinum,1050,Full,Black
Antec True Power,230.81,ATX,bronze,850,Full,
Antec Basiq,79.98,ATX,,350,false,
Thermaltake Toughpower PF1 - TT Premium Edition,314.79,ATX,platinum,1050,Full,Black
Thermaltake Toughpower iRGB PLUS 850,285.0,ATX,gold,850,Full,Black
Thermaltake Toughpower Grand RGB Platinum,289.95,ATX,platinum,850,Full,Black
Thermaltake TOUGHPOWER PF1 ARGB,419.64,ATX,platinum,1200,Full,
Sparkle ATX-350PN-B204,57.99,ATX,,350,false,
Super Flower Leadex Gold,299.99,ATX,gold,1300,Full,
Super Flower Leadex VI Platinum PRO,179.99,ATX,platinum,850,Full,Black / Blue
Thermaltake Toughpower GF2 ARGB,199.22,ATX,gold,850,Full,Black
Super Flower Leadex III ARGB Pro,164.99,ATX,gold,750,Full,Black
In Win P85,144.18,ATX,gold,850,Full,Black
Rosewill Green,80.0,ATX,plus,430,false,
Rosewill PMG750,120.0,ATX,gold,750,Full,Black
Cougar VTE X2,74.99,ATX,plus,750,false,Black
Thermaltake Toughpower iRGB PLUS,567.09,ATX,titanium,1250,Full,
Chieftec Polaris,209.39,ATX,gold,1050,Full,Black
Rosewill Capstone,269.0,ATX,gold,750,false,
Cougar GEX X2,211.61,ATX,gold,1000,Full,Black
YEYIAN Raiden RGB,69.98,ATX,bronze,650,false,Black
SeaSonic PRIME Ultra Platinum 850,359.99,ATX,platinum,850,Full,Black
Enermax MaxTytan,299.99,ATX,titanium,1050,Full,
EVGA SuperNOVA 850 GA,350.0,ATX,gold,850,Full,
Fractal Design Anode Bronze,146.68,ATX,bronze,550,Semi,Black
PC Power & Cooling Silencer,298.98,ATX,platinum,1200,Full,
Antec Earthwatts Green,104.64,ATX,bronze,430,false,
Chieftec Polaris 3.0,229.29,ATX,gold,1050,Full,Black
Thermaltake Toughpower DPS G RGB,425.31,ATX,titanium,1250,Full,
SeaSonic SS-850HT Silver,169.0,ATX,silver,850,false,
SeaSonic SS-400ET Bronze,91.33,ATX,bronze,400,false,
Kingwin ABT-1050MM,89.99,ATX,,1050,false,
Rosewill Green,170.0,ATX,plus,530,false,
FSP Group Hydro GE,99.99,ATX,gold,650,Full,Black
Antec Earthwatts,124.98,ATX,bronze,500,false,
Sparkle ATX-300PA,187.99,ATX,,300,false,
Super Flower Leadex III ARGB Pro,189.99,ATX,gold,650,Full,Black
Thermaltake Toughpower iRGB PLUS 850 Platinum,328.91,ATX,platinum,850,Full,Black
LEPA MaxBron,102.15,ATX,bronze,1000,Semi,
SeaSonic SS-600ES,102.15,ATX,bronze,600,false,Gray
Enermax Revolution D.F. X,249.99,ATX,gold,1350,Full,Black
Super Flower Leadex V Pro,199.99,ATX,gold,850,Full,Black
SeaSonic Platinum,128.01,ATX,bronze,600,false,
iStarUSA TC-1200PD8G,310.99,ATX,,1200,Full,Gray
Apex AL-A400ATX,94.41,ATX,,400,false,
Chieftec Polaris 3.0,199.29,ATX,gold,850,Full,Black
Enermax PlatiGemini,249.99,ATX,platinum,1200,Full,Black
