name,price,type,color,psu,side_panel,external_volume,internal_35_bays
Montech AIR 100 ARGB,59.99,MicroATX Mid Tower,Black,,Tempered Glass,,2
Silverstone ALTA F2,999.99,ATX Full Tower,Black,,Tempered Glass,98.9,8
Deepcool CH370,59.99,MicroATX Mid Tower,Black,,Tempered Glass,38.3,2
Lian Li PC-O11 Dynamic,119.99,ATX Full Tower,White,,Tempered Glass,54.0,3
Fractal Design Pop Mini Air,89.99,MicroATX Mid Tower,Black,,Tempered Glass,36.5,2
Lian Li O11 Dynamic EVO XL,229.99,ATX Full Tower,Black,,Tempered Glass,84.4,4
Fractal Design Pop XL Air,109.97,ATX Full Tower,Black,,Tempered Glass,62.4,3
Corsair 7000D AIRFLOW,229.99,ATX Full Tower,Black,,Tempered Glass,81.8,6
Montech AIR 100 ARGB,66.9,MicroATX Mid Tower,White,,Tempered Glass,,2
Lian Li O11 Dynamic EVO XL,229.99,ATX Full Tower,White,,Tempered Glass,84.4,4
Fractal Design Pop Mini Air,86.99,MicroATX Mid Tower,White,,Tempered Glass,36.5,2
Fractal Design Ridge PCIe 4.0,129.99,Mini ITX Tower,Black,,Mesh,16.3,0
Deepcool CH370,62.98,MicroATX Mid Tower,White,,Tempered Glass,38.3,2
Fractal Design North XL,179.99,ATX Full Tower,Black,,Tinted Tempered Glass,61.4,2
Asus ROG Strix Helios,298.23,ATX Full Tower,Black,,Tempered Glass,83.5,2
Corsair iCUE 7000X RGB,299.99,ATX Full Tower,Black,,Tempered Glass,81.8,6
Corsair Obsidian Series 1000D,514.99,ATX Full Tower,Black,,Tempered Glass,,5
Cooler Master Cosmos Infinity 30th Anniversary,949.99,ATX Full Tower,Black / Silver,,Tempered Glass,129.5,2
Corsair 2000D AIRFLOW,119.99,Mini ITX Tower,Black,,Mesh,24.8,0
Phanteks Enthoo Pro,99.99,ATX Full Tower,Black,,Acrylic,68.6,6
Lian Li PC-O11 Dynamic,325.7,ATX Full Tower,Black,,Tempered Glass,54.0,3
Apevia PRISM,79.98,MicroATX Mid Tower,White,,Tempered Glass,35.4,2
Fractal Design Ridge PCIe 4.0,129.99,Mini ITX Tower,White,,Mesh,16.3,0
Antec NX200M,54.99,MicroATX Mid Tower,Black,,Tempered Glass,,2
Fractal Design Meshify 2 Mini,71.98,MicroATX Mid Tower,Black,,Tinted Tempered Glass,33.0,2
Fractal Design Meshify 2 XL,204.99,ATX Full Tower,Black,,Tinted Tempered Glass,81.5,6
Fractal Design North XL,179.99,ATX Full Tower,Black,,Mesh,61.4,2
Thermaltake The Tower 300,149.99,MicroATX Mid Tower,Black,,Tempered Glass,53.0,3
Fractal Design Node 804,124.99,MicroATX Mid Tower,Black,,Acrylic,41.1,10
MSI MAG PANO M100R PZ,104.0,MicroATX Mid Tower,White,,Tempered Glass,41.9,1
Phanteks Enthoo Elite,899.99,ATX Full Tower,Black,,Tinted Tempered Glass,124.5,6
Fractal Design Node 304,105.99,Mini ITX Tower,Black / White,,,19.5,6
Fractal Design Pop Mini Silent,79.99,MicroATX Mid Tower,Black,,,36.5,2
Fractal Design Pop XL Air,109.99,ATX Full Tower,White,,Tempered Glass,62.4,3
Phanteks NV7,199.99,ATX Full Tower,Black,,Tempered Glass,78.9,2
Thermaltake Versa H15,53.27,MicroATX Mid Tower,Black,,,,3
Lian Li PC-O11 Dynamic Razer,313.08,ATX Full Tower,Black,,Tempered Glass,54.0,3
HYTE REVOLT 3,149.99,Mini ITX Tower,Black,700.0,Mesh,,1
Fractal Design Define 7 XL,224.99,ATX Full Tower,Black,,,82.0,6
ZZEW A1 Plus,109.99,Mini ITX Tower,Silver,,Mesh,5.8,0
Phanteks NV7,199.99,ATX Full Tower,White,,Tempered Glass,78.9,2
Phanteks Enthoo Pro 2,139.99,ATX Full Tower,Black,,Tempered Glass,,12
Antec Performance 1 FT,134.99,ATX Full Tower,Black,,Tempered Glass,62.7,2
MSI MAG PANO M100R PZ,104.0,MicroATX Mid Tower,Black,,Tempered Glass,41.9,1
Thermaltake The Tower 100,89.99,Mini ITX Tower,Black,,Tempered Glass,,2
Corsair iCUE 7000X RGB,299.99,ATX Full Tower,White,,Tempered Glass,81.8,6
Thermaltake The Tower 200,129.99,Mini ITX Tower,Black,,Tempered Glass,45.1,2
Fractal Design North XL,179.99,ATX Full Tower,White,,Tempered Glass,61.4,2
Fractal Design Core 1000 USB 3.0,47.99,MicroATX Mid Tower,Black,,,25.8,2
Phanteks NV9,244.99,ATX Full Tower,Black,,Tempered Glass,99.0,3
Thermaltake The Tower 300,149.99,MicroATX Mid Tower,White,,Tempered Glass,53.0,3
Fractal Design Pop XL Silent,99.99,ATX Full Tower,Black,,,62.4,3
Phanteks Enthoo Pro Tempered Glass,110.99,ATX Full Tower,Black,,Tinted Tempered Glass,69.1,6
Fractal Design Torrent Nano RGB,206.64,Mini ITX Tower,Black,,Tinted Tempered Glass,34.6,1
Antec NX200M,54.99,MicroATX Mid Tower,White,,Tempered Glass,,2
Corsair 2000D RGB AIRFLOW,139.99,Mini ITX Tower,Black,,Mesh,24.8,0
Lian Li V3000 PLUS,499.99,ATX Full Tower,Black,,Tempered Glass,127.6,8
Phanteks Enthoo Pro 2,124.99,ATX Full Tower,Black,,,,12
Corsair 7000D AIRFLOW,229.99,ATX Full Tower,White / Black,,Tempered Glass,81.8,6
Asus ROG Strix Helios EVA Edition,799.99,ATX Full Tower,Black / Multicolor,,Tinted Tempered Glass,83.5,2
Lian Li O11D XL-W,239.0,ATX Full Tower,White / Black,,Tempered Glass,68.9,4
Corsair 2000D AIRFLOW,110.39,Mini ITX Tower,White,,Mesh,24.8,0
Fractal Design Torrent Nano,199.18,Mini ITX Tower,White / Black,,Tempered Glass,34.6,1
Phanteks Enthoo Pro,99.99,ATX Full Tower,Black,,,68.6,6
Fractal Design North XL,179.99,ATX Full Tower,White,,Mesh,61.4,2
Phanteks NV9,239.99,ATX Full Tower,White,,Tempered Glass,99.0,3
Silverstone SG13 V2,64.98,Mini ITX Tower,Black,,,11.5,1
GameMax M60,46.98,MicroATX Mid Tower,White,,Mesh,29.4,2
Deepcool CH780,129.99,ATX Full Tower,Black,,Tempered Glass,72.7,2
Fractal Design Torrent Nano,223.62,Mini ITX Tower,Black,,Tinted Tempered Glass,34.6,1
Thermaltake Core W200,506.86,ATX Full Tower,Black,,Acrylic,,4
Thermaltake View 91,504.98,ATX Full Tower,Black,,Tempered Glass,,12
Thermaltake Tower 900 Snow Edition,234.98,ATX Full Tower,White,,Tempered Glass,153.6,6
Fractal Design Define 7 XL Dark,234.99,ATX Full Tower,Black,,Tinted Tempered Glass,82.0,6
Thermaltake Tower 900,257.98,ATX Full Tower,Black,,Tempered Glass,153.6,6
Asus GX601,309.99,ATX Full Tower,White / Black,,Tempered Glass,83.5,2
Deepcool CH360,84.99,MicroATX Mid Tower,Black,,Tempered Glass,39.7,2
CiT Seven,85.21,MicroATX Mid Tower,Black,,Acrylic,,1
Lian Li O11D XL-X,222.99,ATX Full Tower,Black,,Tempered Glass,68.9,4
Cooler Master MasterBox MB311L ARGB,94.99,MicroATX Mid Tower,Black,,Tempered Glass,,2
Montech AIR 100 LITE,86.64,MicroATX Mid Tower,Black,,Tempered Glass,,2
Apevia PRISM,79.98,MicroATX Mid Tower,Pink,,Tempered Glass,35.4,2
Fractal Design Meshify 2 Nano,109.82,Mini ITX Tower,Black,,Tempered Glass,29.3,1
GAMDIAS NESO P1,149.99,ATX Full Tower,Black,,Tempered Glass,75.2,5
HYTE REVOLT 3,129.99,Mini ITX Tower,Black,,Mesh,,1
Deepcool MORPHEUS,187.98,ATX Full Tower,Black,,Tempered Glass,72.7,2
HYTE REVOLT 3,129.99,Mini ITX Tower,White,,Mesh,,1
Deepcool CH780,149.99,ATX Full Tower,White,,Tempered Glass,72.7,2
Thermaltake The Tower 200,124.99,Mini ITX Tower,White,,Tempered Glass,45.1,2
Thermaltake Level 20,754.96,ATX Full Tower,Black / Silver,,Tempered Glass,141.0,8
Silverstone SG13,70.2,Mini ITX Tower,Black,,,11.5,1
Deepcool CH360 DIGITAL,99.99,MicroATX Mid Tower,Black,,Tempered Glass,39.7,2
Lian Li V3000 PLUS White GGF Edition,349.99,ATX Full Tower,White,,Tempered Glass,127.6,8
In Win BM639.AD160TBL,82.95,Mini ITX Tower,Black,,,6.8,1
Silverstone Sugo 16,84.99,Mini ITX Tower,Black,,,13.0,1
Cooler Master HAF 700,299.99,ATX Full Tower,Black,,Tempered Glass,83.6,9
Razer Tomahawk Mini-ITX,137.99,Mini ITX Tower,Black / Green,,Tinted Tempered Glass,,0
GAMDIAS NESO P1,149.99,ATX Full Tower,White,,Tempered Glass,75.2,5
Cooler Master Cosmos C700M,549.99,ATX Full Tower,Silver / Black,,Tempered Glass,,4
Thermaltake The Tower 100 Snow,104.98,Mini ITX Tower,White,,Tempered Glass,,2
Lian Li O11D XL-A,199.99,ATX Full Tower,Silver / Black,,Tempered Glass,68.9,4
Corsair Crystal 280X RGB,274.45,MicroATX Mid Tower,White,,Tempered Glass,,2
Cooler Master CMP 320,77.37,MicroATX Mid Tower,Black,,Tempered Glass,38.6,2
Phanteks Enthoo Pro 2 Server Edition,169.99,ATX Full Tower,Black,,Tempered Glass,78.0,4
Cooler Master MasterBox NR400 (w/ODD),126.13,MicroATX Mid Tower,Black,,Tempered Glass,35.5,4
Thermaltake View 71 TG RGB,219.99,ATX Full Tower,Black,,Acrylic,,7
GameMax Master M905,109.99,ATX Full Tower,Black,,Tempered Glass,53.8,8
Corsair 2000D RGB AIRFLOW,159.99,Mini ITX Tower,White,,Mesh,24.8,0
Thermaltake CTE C750 Air ARGB,179.99,ATX Full Tower,Black,,Tempered Glass,110.7,7
Zalman Z1 Iceberg,59.99,MicroATX Mid Tower,Black,,Tempered Glass,38.5,2
Thermaltake CTE T500 Air,139.99,ATX Full Tower,Black,,Tempered Glass,87.3,4
Fractal Design Define 7 XL Light,439.41,ATX Full Tower,Black,,Tempered Glass,82.0,6
Fractal Design Pop Mini Silent,100.0,MicroATX Mid Tower,Black,,Tempered Glass,36.5,2
Cooler Master Cosmos C700P Black Edition,482.42,ATX Full Tower,Black,,Tempered Glass,127.3,2
Phanteks Enthoo Pro 2 Server Edition,149.99,ATX Full Tower,Black,,,78.0,4
Fractal Design Meshify 2 Nano,112.0,Mini ITX Tower,White,,Tempered Glass,29.3,1
Silverstone SG13 V2,64.56,Mini ITX Tower,Pink,,,11.5,1
Antec Performance 1 FT,134.99,ATX Full Tower,White,,Tempered Glass,62.7,2
RAIJINTEK PAEAN MINI,69.9,Mini ITX Tower,Black,,Tempered Glass,26.0,1
Jonsbo D300,136.0,MicroATX Mid Tower,Black,,Tempered Glass,45.8,2
Thermaltake Divider 170 TG ARGB,84.98,MicroATX Mid Tower,Black,,Tempered Glass,36.5,2
Fractal Design Define Mini C TG,113.29,MicroATX Mid Tower,Black,,Tempered Glass,36.9,2
Fractal Design Meshify 2 Mini,213.08,MicroATX Mid Tower,White / Black,,Tempered Glass,33.0,2
HYTE REVOLT 3,199.99,Mini ITX Tower,White,700.0,Mesh,,1
Thermaltake AH T600 Snow,299.99,ATX Full Tower,White / Black,,Tempered Glass,161.6,2
Thermaltake The Tower 300,149.99,MicroATX Mid Tower,Turquoise / Black,,Tempered Glass,53.0,3
Phanteks Enthoo 719,169.99,ATX Full Tower,Black,,Tempered Glass,81.4,4
GAMDIAS NESO P1,150.99,ATX Full Tower,Black / Red,,Tempered Glass,75.2,5
Deepcool CH360,91.98,MicroATX Mid Tower,White,,Tempered Glass,39.7,2
Fractal Design Torrent Nano RGB,230.12,Mini ITX Tower,White,,Tempered Glass,34.6,1
Antec Performance 1 SILENT,144.99,ATX Full Tower,Black / Silver,,,62.7,2
Asus ROG Z11,279.99,Mini ITX Tower,Black,,Tinted Tempered Glass,,1
Thermaltake View 51 ARGB Edition,179.99,ATX Full Tower,Black,,Tempered Glass,,2
Zalman Z1 Iceberg,59.99,MicroATX Mid Tower,White,,Tempered Glass,38.5,2
Silverstone SG13,71.09,Mini ITX Tower,White / Black,,,11.5,1
Thermaltake Core P8 TG,234.98,ATX Full Tower,Black,,Tempered Glass,,3
Antec VSK10,51.52,MicroATX Mid Tower,Black,,,,2
Thermaltake Core X71,149.99,ATX Full Tower,Black,,Acrylic,,3
Thermaltake AH T600,299.99,ATX Full Tower,Black,,Tempered Glass,161.6,2
Cooler Master MasterBox Lite 3.1,67.2,MicroATX Mid Tower,Black / Red,,Tempered Glass,36.1,2
Thermaltake Divider 170 TG Snow ARGB,79.98,MicroATX Mid Tower,White / Black,,Tempered Glass,36.5,2
Lian Li ODYSSEY X,137.98,ATX Full Tower,Black,,Tempered Glass,,3
Thermaltake Core W100,354.98,ATX Full Tower,Black,,Acrylic,,10
be quiet! Dark Base 900,464.36,ATX Full Tower,Black,,,82.0,7
Jonsbo D300,136.0,MicroATX Mid Tower,White,,Tempered Glass,45.8,2
Thermaltake The Tower 300,149.99,MicroATX Mid Tower,Green / Black,,Tempered Glass,53.0,3
Thermaltake Core V71 TG,186.86,ATX Full Tower,Black,,Tempered Glass,,8
Thermaltake The Tower 300 Matcha,149.99,MicroATX Mid Tower,Green,,Tempered Glass,53.0,3
SHARKOON REV300,398.13,ATX Full Tower,Black,,Tempered Glass,65.6,4
RAIJINTEK OPHION ELITE WHITE,79.9,Mini ITX Tower,White,,Mesh,24.9,3
Silverstone PS15,70.68,MicroATX Mid Tower,Black,,Tempered Glass,25.7,1
Thermaltake V150 Tempered Glass ARGB Breeze,93.82,MicroATX Mid Tower,Black,,Tempered Glass,,2
Apex TX-606-U3,84.35,MicroATX Mid Tower,Black,300.0,,27.9,5
Thermaltake CTE T500 Air,119.99,ATX Full Tower,White,,Tempered Glass,87.3,4
Anidees AI CRYSTAL XL PRO LITE,299.89,ATX Full Tower,Black,,Tempered Glass,,0
Apex MI-008,69.27,Mini ITX Tower,Black,250.0,,8.5,1
Thermaltake The Tower 200 Bumblebee,129.99,Mini ITX Tower,Yellow / Black,,Tempered Glass,45.1,2
Thermaltake View 71 TG,199.99,ATX Full Tower,Black,,Acrylic,,7
Deepcool CH360 DIGITAL,99.99,MicroATX Mid Tower,White,,Tempered Glass,39.7,2
Thermaltake View 51 Snow ARGB Edition,199.99,ATX Full Tower,White,,Tempered Glass,,2
GAMDIAS NESO P1,150.99,ATX Full Tower,Black / White,,Tempered Glass,75.2,5
Thermaltake The Tower 200,129.99,Mini ITX Tower,Green,,Tempered Glass,45.1,2
Thermaltake The Tower 100,99.99,Mini ITX Tower,Green / Black,,Tempered Glass,,2
Phanteks Enthoo Series Primo Aluminum,219.99,ATX Full Tower,Black,,Acrylic,96.8,6
Thermaltake View 71 TG Snow,204.99,ATX Full Tower,White,,Acrylic,,7
Thermaltake CTE C750 Air ARGB,169.56,ATX Full Tower,White,,Tempered Glass,110.7,7
be quiet! Dark Base Pro 901,307.14,ATX Full Tower,White,,Tempered Glass,94.5,2
Thermaltake Versa H15,149.0,MicroATX Mid Tower,Black,,Acrylic,,3
Silverstone ALTA G1M,153.33,MicroATX Mid Tower,,,,,4
Silverstone DS380B,214.82,Mini ITX Tower,Black,,,,0
Cooler Master MasterFrame 700,191.99,ATX Full Tower,Black,,Tempered Glass,,4
Thermaltake CTE C750 ARGB,168.99,ATX Full Tower,Black,,Tempered Glass,110.7,7
be quiet! Dark Base 900,370.0,ATX Full Tower,Black / Orange,,,82.0,7
Cougar PANZER MAX-G,173.99,ATX Full Tower,Black,,Tempered Glass,90.5,2
Phanteks Enthoo Primo,209.99,ATX Full Tower,Black / White,,Acrylic,,6
Thermaltake The Tower 100,99.99,Mini ITX Tower,Turquoise / Black,,Tempered Glass,,2
Deepcool MORPHEUS,159.99,ATX Full Tower,White,,Tempered Glass,72.7,2
Cougar Panzer Max,174.99,ATX Full Tower,Black,,Acrylic,90.5,2
RAIJINTEK ASTERION CLASSIC,99.9,ATX Full Tower,Black,,Tempered Glass,56.0,3
Thermaltake View 71 ARGB,229.99,ATX Full Tower,Black,,Tempered Glass,,7
Silverstone Sugo 16,88.0,Mini ITX Tower,White,,,13.0,1
Silverstone PS15,69.94,MicroATX Mid Tower,White,,Tempered Glass,25.7,1
Phanteks Enthoo 719,159.99,ATX Full Tower,Gray,,Tempered Glass,81.4,4
be quiet! Dark Base 900,375.0,ATX Full Tower,Black / Silver,,,82.0,7
Thermaltake The Tower 200,129.99,Mini ITX Tower,Beige,,Tempered Glass,45.1,2
Cougar PANZER EVO RGB,264.74,ATX Full Tower,Black,,Tempered Glass,,2
Silverstone PS15 PRO,193.53,MicroATX Mid Tower,Black,,Tempered Glass,25.7,1
Rosewill Legacy V3 Plus-B,90.0,Mini ITX Tower,Black,,,10.0,1
Thermaltake AH T200,169.99,MicroATX Mid Tower,Pink / Black,,Tempered Glass,,2
Lian Li ODYSSEY X,187.98,ATX Full Tower,Silver / Black,,Tempered Glass,,3
Cougar MX600 RGB,181.75,ATX Full Tower,White,,Tempered Glass,57.8,1
Phanteks Evolv Shift 2,140.84,Mini ITX Tower,Gray,,Tempered Glass,22.8,1
Thermaltake AH T200 Snow,134.88,MicroATX Mid Tower,White,,Tempered Glass,,2
In Win BP655.FH300TB3,92.34,Mini ITX Tower,Black / Blue,300.0,,8.1,2
Azza Elise,69.98,MicroATX Mid Tower,Black / Pink,,Tempered Glass,34.4,2
Thermaltake The Tower 200,134.98,Mini ITX Tower,Turquoise,,Tempered Glass,45.1,2
Thermaltake CTE C750 ARGB,179.99,ATX Full Tower,White,,Tempered Glass,110.7,7
Jonsbo D500,320.0,ATX Full Tower,Black,,Tempered Glass,90.8,10
In Win A1 Plus,219.99,Mini ITX Tower,White,650.0,Tempered Glass,21.8,0
Silverstone Precision PS15 RGB,74.92,MicroATX Mid Tower,Black,,Tempered Glass,25.7,1
RAIJINTEK Metis Plus,80.53,Mini ITX Tower,Black,,Acrylic,13.4,2
Azza Pyramid Mini 806,279.99,Mini ITX Tower,Silver / Black,,Tempered Glass,,0
Jonsbo D300 4PCS,129.99,MicroATX Mid Tower,Black,,Tempered Glass,45.8,2
G.Skill Z5i,139.99,Mini ITX Tower,Black,,Tempered Glass,24.4,1
RAIJINTEK ASTERION CLASSIC,99.9,ATX Full Tower,Silver,,Tempered Glass,56.0,3
Thermaltake CTE T500,134.29,ATX Full Tower,Black,,Tempered Glass,87.3,4
Supermicro SuperChassis 721TQ-350B2,271.93,Mini ITX Tower,Black,350.0,,14.1,0
darkFlash DLH21,129.44,Mini ITX Tower,White,,,17.2,1
Thermaltake V150,98.49,MicroATX Mid Tower,Black,,Tempered Glass,,2
In Win A1 Plus,219.99,Mini ITX Tower,Black,650.0,Tempered Glass,21.8,0
Silverstone Lucid LD03,109.99,Mini ITX Tower,,,Tinted Tempered Glass,25.2,1
RAIJINTEK Metis Plus,80.53,Mini ITX Tower,Silver,,Acrylic,13.4,2
Phanteks EVOLV SHIFT 2 AIR,191.37,Mini ITX Tower,Gray / Black,,,,1
Jonsbo V11,397.69,Mini ITX Tower,Silver,,Mesh,13.0,0
Thermaltake AH T200,129.99,MicroATX Mid Tower,Black,,Tempered Glass,,2
SHARKOON MS-Y1000,81.86,MicroATX Mid Tower,White,,Tempered Glass,26.2,1
Thermaltake AH T200,134.98,MicroATX Mid Tower,Green / Black,,Tempered Glass,,2
SaharaGaming M808W,193.54,MicroATX Mid Tower,White,,Tempered Glass,41.9,2
Thermaltake CTE T500,179.99,ATX Full Tower,White,,Tempered Glass,87.3,4
Chieftec BT-02B-U3-250VS (230V),181.0,Mini ITX Tower,,250.0,,9.6,1
FSP Group CUT593A,104.99,ATX Full Tower,Black,,Tempered Glass,62.6,3
Silverstone ALTA G1M,159.85,MicroATX Mid Tower,White,,,,4
Cougar Dust 2,166.87,Mini ITX Tower,Black / Gold,,Mesh,23.6,0
SHARKOON MS-Y1000,77.55,MicroATX Mid Tower,Black,,Tempered Glass,26.2,1
SHARKOON MS-Z1000,76.62,MicroATX Mid Tower,Black,,Tempered Glass,26.2,1
RAIJINTEK OPHION M EVO TGS,69.9,MicroATX Mid Tower,Black,,Tempered Glass,,3
RAIJINTEK Metis Plus,80.53,Mini ITX Tower,White,,Acrylic,13.4,2
RAIJINTEK Metis Plus,80.53,Mini ITX Tower,Blue,,Acrylic,13.4,2
RAIJINTEK Metis Plus,80.53,Mini ITX Tower,Red,,Acrylic,13.4,2
Silverstone CS280B,199.48,Mini ITX Tower,Black / Silver,,,,0
iStarUSA S-917,317.94,Mini ITX Tower,Black,,,28.2,0
RAIJINTEK OPHION M EVO ALS,69.9,MicroATX Mid Tower,Black,,,,3
FSP Group CUT593P,149.99,ATX Full Tower,Black,,Tempered Glass,62.6,3
Thermaltake Level 20 GT,292.99,ATX Full Tower,Black / Silver,,Tempered Glass,100.9,7
Antec VSK10 Window,78.2,MicroATX Mid Tower,Black,,Acrylic,,2
Azza Zircon 7000B,169.99,ATX Full Tower,Black,,Tempered Glass,61.8,5
Silverstone CS01,149.99,Mini ITX Tower,Silver,,,,2
Thermaltake Level 20 GT ARGB,353.38,ATX Full Tower,Silver / Black,,Tempered Glass,100.9,7
Silverstone Lucid LD03-AF,138.38,Mini ITX Tower,Black,,Tempered Glass,25.2,1
Azza CUBE MINI 805,299.99,Mini ITX Tower,Silver / Black,,Tempered Glass,17.6,0
Silverstone FARA V1M PRO,76.56,MicroATX Mid Tower,Black,,Tempered Glass,36.0,2
BitFenix Colossus Micro,230.0,MicroATX Mid Tower,Black,,,30.6,4
Thermaltake Level 20 HT Snow Edition,311.54,ATX Full Tower,,,Tempered Glass,,4
Cougar GEMINI X,806.55,ATX Full Tower,Black,,Tempered Glass,,4
Thermaltake AH T200,134.98,MicroATX Mid Tower,Turquoise / Black,,Tempered Glass,,2
SHARKOON MS-Z1000,152.43,MicroATX Mid Tower,White,,Tempered Glass,26.2,1
FSP Group CUT593P,159.99,ATX Full Tower,White,,Tempered Glass,62.6,3
RAIJINTEK Metis Plus,80.53,Mini ITX Tower,Gold,,Acrylic,13.4,2
Silverstone CS01-HS,199.99,Mini ITX Tower,Silver,,,,0
Chieftec BT-04B-U3-250VS (230V),235.0,Mini ITX Tower,Black,250.0,,10.5,1
